,memberOf,name,identifier,contactPoint
0,ALLIANCE,UNIVERSITY OF NOTTINGHAM,607db9c6e1f9d3704d570d93,DataSharing@hqip.org.uk
1,ALLIANCE,SAIL,5f3f98068af2ef61552e1d75,sw227@leicester.ac.uk
2,ALLIANCE,PUBLIC HEALTH SCOTLAND,5f8992a97150a1b050be0712,hdbr@ncl.ac.uk
3,ALLIANCE,HQIP,613b2174b8b58d157f531e7a,anne.george@addenbrookes.nhs.uk
4,ALLIANCE,TISSUE DIRECTORY,607db9c6e1f9d3704d570d7f,rwlm2@le.ac.uk
5,ALLIANCE,TISSUE DIRECTORY,607db9c4e1f9d3704d570d23,RESPIRE@ed.ac.uk
6,HUBS,ALLEVIATE,607db9c4e1f9d3704d570d3f,bartshealth.covid-hcw@nhs.net
7,ALLIANCE,UK Biobank,607db9c3e1f9d3704d570d0a,researchers@registerfordiscover.org.uk
8,ALLIANCE,TISSUE DIRECTORY,5f3f98068af2ef61552e1d75,DataSharing@hqip.org.uk
9,ALLIANCE,UNIVERSITY HOSPITALS OF LEICESTER,5f3f98068af2ef61552e1d75,SAILDatabank@swansea.ac.uk
10,HUB,BREATHE,5f3f98068af2ef61552e1d75,SAILDatabank@swansea.ac.uk
11,ALLIANCE,HQIP,607db9c2e1f9d3704d570ce6,ctc.inca@ucl.ac.uk
12,ALLIANCE,NIHR BIORESOURCE,607db9c4e1f9d3704d570d23,sarah.mcdonald@glasgow.ac.uk
13,OTHER,UNIVERSITY COLLEGE LONDON,607db9c4e1f9d3704d570d1f,PIONEER@UHB.NHS.UK
14,HUB,DISCOVER NOW,607db9c4e1f9d3704d570d1f,breathe.saildatabank@swansea.ac.uk
15,HUB,GUT REACTION,607db9c4e1f9d3704d570d23,Pioneer@UHB.NHS.UK
16,ALLIANCE,HQIP,607db9c4e1f9d3704d570d23,SAILDatabank@swansea.ac.uk
17,ALLIANCE,SAIL,607db9c2e1f9d3704d570ce6,PIONEER@UHB.NHS.UK
18,ALLIANCE,SAIL,61800787f4dde0c2a01e1ea2,ctc.icon9@ucl.ac.uk
19,ALLIANCE,TISSUE DIRECTORY,5f3f98068af2ef61552e1d75,SAILDatabank@swansea.ac.uk
20,ALLIANCE,TISSUE DIRECTORY,607db9c2e1f9d3704d570cee,srs.customer.support@ons.gov.uk
21,HUB,PIONEER,61800787f4dde0c2a01e1ea2,b.davidson@ucl.ac.uk
22,HUB,BREATHE,5f3f98068af2ef61552e1d75,RESPIRE@ed.ac.uk
23,ALLIANCE,SAIL,5f3f98068af2ef61552e1d75,a.gander@ucl.ac.uk
24,ALLIANCE,SAIL,5f3f98068af2ef61552e1d75,breathe.saildatabank@swansea.ac.uk
25,HUB,PIONEER,607db9c2e1f9d3704d570cde,cleft-collective@bristol.ac.uk
26,ALLIANCE,SAIL,607db9c3e1f9d3704d570d0a,richard.cain@bristol.ac.uk
27,ALLIANCE,SAIL,607db9c4e1f9d3704d570d1f,rtb@leeds.ac.uk
28,HUB,BREATHE,607db9c5e1f9d3704d570d5f,datacan@uclpartners.com
29,ALLIANCE,HQIP,60c090abe9cb49b0f9d8a546,enquiries@nhsdigital.nhs.uk
30,ALLIANCE,HEALTH INFORMATICS CENTRE - UNIVERSITY OF DUNDEE,607db9c4e1f9d3704d570d23,ctc.cardamon@ucl.ac.uk
31,ALLIANCE,HEALTH INFORMATICS CENTRE - UNIVERSITY OF DUNDEE,607db9c4e1f9d3704d570d23,ctc.ukall14@ucl.ac.uk
32,HUB,PIONEER,5f3f98068af2ef61552e1d75,DataSharing@hqip.org.uk
33,ALLIANCE,HQIP,5f3f98068af2ef61552e1d75,Wan-Fai.Ng@ncl.ac.uk
34,ALLIANCE,TISSUE DIRECTORY,607db9c2e1f9d3704d570cee,Paul.Bishop@manchester.ac.uk
35,ALLIANCE,HQIP,607db9c5e1f9d3704d570d5f,breathe.saildatabank@swansea.ac.uk
36,HUB,BREATHE,607db9c2e1f9d3704d570ce6,breathe.saildatabank@swansea.ac.uk
37,HUBS,DATAMIND,5f89662f7150a1b050be0710,registry@cysticfibrosis.org.uk
38,ALLIANCE,SAIL,60a630c77dd392a16e228a92,SAILDatabank@swansea.ac.uk
39,ALLIANCE,SAIL,607db9c4e1f9d3704d570d1f,Pioneer@UHB.NHS.UK
40,NCS,OFFICE FOR NATIONAL STATISTICS,607db9c3e1f9d3704d570d0a,gecip-help@genomicsengland.co.uk
41,ALLIANCE,CPRD,5f8437a3b7dec2a83e8cceba,isaric4c-samples@roslin.ed.ac.uk
42,HUBS,DATAMIND,607db9c4e1f9d3704d570d1f,jay.brown@mft.nhs.uk
43,ALLIANCE,TISSUE DIRECTORY,607db9c4e1f9d3704d570d23,CBSB_admin@medschl.cam.ac.uk
44,ALLIANCE,SAIL,607db9c2e1f9d3704d570cee,Pioneer@UHB.NHS.UK
45,ALLIANCE,SAIL,61800787f4dde0c2a01e1ea2,ctc.ion@ucl.ac.uk
46,HUB,BREATHE,60a630c77dd392a16e228a92,gecip-help@genomicsengland.co.uk
47,ALLIANCE,TISSUE DIRECTORY,5f3f98068af2ef61552e1d75,f.forconi@soton.ac.uk
48,HUB,BREATHE,607db9c4e1f9d3704d570d1f,registry@cysticfibrosis.org.uk
49,ALLIANCE,SAIL,607db9c2e1f9d3704d570cee,DataSharing@hqip.org.uk
50,ALLIANCE,BARTS HEALTH,607db9c2e1f9d3704d570cee,breathe.saildatabank@swansea.ac.uk
51,HUB,GUT REACTION,5fc12be363eaab9e68dae76e,SAILDatabank@swansea.ac.uk
52,ALLIANCE,TISSUE DIRECTORY,5f86cd34980f41c6f02261f4,surjeet.janjuha@nhs.net
53,ALLIANCE,TISSUE DIRECTORY,5f3f98068af2ef61552e1d75,DataSharing@hqip.org.uk
54,ALLIANCE,TISSUE DIRECTORY,607db9c6e1f9d3704d570d93,enquiries@insight.hdrhub.org
55,ALLIANCE,HEALTH INFORMATICS CENTRE - UNIVERSITY OF DUNDEE,5f8437a3b7dec2a83e8cceba,SAILDatabank@swansea.ac.uk
56,HUB,DATA-CAN,607db9c4e1f9d3704d570d1f,accessQTL@ed.ac.uk
57,ALLIANCE,NHS DIGITAL,607db9c2e1f9d3704d570ce6,tissuebank@cclg.org.uk
58,HUB,PIONEER,5fc12be363eaab9e68dae76e,gcplab@liverpool.ac.uk
59,ALLIANCE,TISSUE DIRECTORY,607db9c4e1f9d3704d570d1f,surjeet.janjuha@nhs.net
60,OTHER,HDR UK NORTH,61ba059ac688870b12a4e05b,gecip-help@genomicsengland.co.uk
61,ALLIANCE,HQIP,609bc283781cac1dbab2a385,SWIFT-RTB@cardiff.ac.uk
62,ALLIANCE,TISSUE DIRECTORY,5f86cd34980f41c6f02261f4,SAILDatabank@swansea.ac.uk
63,ALLIANCE,HQIP,5f3f98068af2ef61552e1d75,ardentissuebank@uhcw.nhs.uk
64,ALLIANCE,SAIL,61c07f949f84273c2660f3e7,ramya.bhatia@ed.ac.uk
65,ALLIANCE,SAIL,607db9c4e1f9d3704d570d3f,PIONEER@UHB.NHS.UK
66,ALLIANCE,CPRD,5f3f98068af2ef61552e1d75,breathe.saildatabank@swansea.ac.uk
67,HUB,PIONEER,607db9c4e1f9d3704d570d1f,surjeet.janjuha@nhs.net
68,HUB,BREATHE,613b2174b8b58d157f531e7a,SAILDatabank@swansea.ac.uk
69,ALLIANCE,HEALTH AND SOCIAL CARE NORTHERN IRELAND,5f3f98068af2ef61552e1d75,datacan@uclpartners.com
70,ALLIANCE,HQIP,5f8992a97150a1b050be0712,v.enne@ucl.ac.uk
71,ALLIANCE,PARKINSONS UK,607db9c3e1f9d3704d570d0a,mds@imm.ox.ac.uk
72,ALLIANCE,HEALTH INFORMATICS CENTRE - UNIVERSITY OF DUNDEE,607db9c4e1f9d3704d570d1f,gecip-help@genomicsengland.co.uk
73,HUB,GUT REACTION,607db9c5e1f9d3704d570d5f,nbr@bioresource.nihr.ac.uk
74,ALLIANCE,TISSUE DIRECTORY,607db9c2e1f9d3704d570ce6,SAILDatabank@swansea.ac.uk
75,HUB,INSIGHT,607db9c4e1f9d3704d570d23,ctc.watchandwait@ucl.ac.uk
76,ALLIANCE,HEALTH INFORMATICS CENTRE - UNIVERSITY OF DUNDEE,607db9c4e1f9d3704d570d23,Sam.Rising@nottingham.ac.uk
77,ALLIANCE,TISSUE DIRECTORY,5f8992a97150a1b050be0712,breathe.saildatabank@swansea.ac.uk
78,HUB,BREATHE,5f3f98068af2ef61552e1d75,mrcctu.icon8b@ucl.ac.uk
79,HUB,BREATHE,5f3f98068af2ef61552e1d75,brainuk@soton.ac.uk
80,ALLIANCE,HQIP,5f86cd34980f41c6f02261f4,RESPIRE@ed.ac.uk
81,ALLIANCE,CYSTIC FIBROSIS TRUST,5f3f98068af2ef61552e1d75,anna.brooke@bristol.ac.uk
82,ALLIANCE,CPRD,607db9c4e1f9d3704d570d1f,mndcollections@mndassociation.org
83,ALLIANCE,SAIL,607db9c2e1f9d3704d570cee,researchers@registerfordiscover.org.uk
84,HUB,PIONEER,5f3f98068af2ef61552e1d75,nddcbru@nottingham.ac.uk
85,HUBS,DATAMIND,5f89662f7150a1b050be0710,SAILDatabank@swansea.ac.uk
86,ALLIANCE,GENOMICS ENGLAND,607db9c2e1f9d3704d570ce6,PIONEER@UHB.NHS.UK
87,ALLIANCE,ISARIC 4C,607db9c4e1f9d3704d570d1f,SAILDatabank@swansea.ac.uk
88,ALLIANCE,TISSUE DIRECTORY,607db9c2e1f9d3704d570cde,SAILDatabank@swansea.ac.uk
89,ALLIANCE,TISSUE DIRECTORY,5f86cd34980f41c6f02261f4,nbr@bioresource.nihr.ac.uk
90,ALLIANCE,PARKINSONS UK,5f3f98068af2ef61552e1d75,DataSharing@hqip.org.uk
91,ALLIANCE,SAIL,5f8992a97150a1b050be0712,surjeet.janjuha@nhs.net
92,ALLIANCE,HEALTH INFORMATICS CENTRE - UNIVERSITY OF DUNDEE,6214e1ff39af25bbdff24338,nbr@bioresource.nihr.ac.uk
93,HUB,PIONEER,607db9c5e1f9d3704d570d5f,enquiries@tissue-solutions.com
94,ALLIANCE,CPRD,607db9c6e1f9d3704d570d93,researchers@registerfordiscover.org.uk
95,ALLIANCE,TISSUE DIRECTORY,607db9c5e1f9d3704d570d5f,enquiries@ethicaltissue.org
96,ALLIANCE,CPRD,607db9c2e1f9d3704d570cee,d.gveric@imperial.ac.uk
97,NCS,OFFICE FOR NATIONAL STATISTICS,607db9c4e1f9d3704d570d23,BartsHealth.ResearchDataRequest@nhs.net
98,ALLIANCE,GENOMICS ENGLAND,607db9c4e1f9d3704d570d23,Pioneer@UHB.NHS.UK
99,ALLIANCE,NHS DIGITAL,6048a783a89bdc3443823333,SAILDatabank@swansea.ac.uk
100,ALLIANCE,SAIL,607db9c2e1f9d3704d570cee,SAILDatabank@swansea.ac.uk
101,ALLIANCE,UNIVERSITY OF NOTTINGHAM,5f89662f7150a1b050be0710,RESPIRE@ed.ac.uk
102,ALLIANCE,TISSUE DIRECTORY,5f3f98068af2ef61552e1d75,enquiries@cprd.com
103,ALLIANCE,CYSTIC FIBROSIS TRUST,5f3f98068af2ef61552e1d75,registry@cysticfibrosis.org.uk
104,HUB,INSIGHT,607db9c4e1f9d3704d570d23,SAILDatabank@swansea.ac.uk
105,ALLIANCE,HQIP,607db9c4e1f9d3704d570d3f,RESPIRE@ed.ac.uk
106,ALLIANCE,HEALTH INFORMATICS CENTRE - UNIVERSITY OF DUNDEE,607db9c4e1f9d3704d570d1f,DataSharing@hqip.org.uk
107,HUB,BREATHE,607db9c2e1f9d3704d570ce6,SAILDatabank@swansea.ac.uk
108,HUB,BREATHE,5f8437a3b7dec2a83e8cceba,DataSharing@hqip.org.uk
109,NCS,OFFICE FOR NATIONAL STATISTICS,607db9c2e1f9d3704d570cde,s.i.king@dundee.ac.uk
110,ALLIANCE,HEALTH INFORMATICS CENTRE - UNIVERSITY OF DUNDEE,5f3f98068af2ef61552e1d75,johanna.young@gstt.nhs.uk
111,ALLIANCE,SAIL,607db9c2e1f9d3704d570ce6,researchers@registerfordiscover.org.uk
112,ALLIANCE,QResearch,613b2174b8b58d157f531e7a,DataSharing@hqip.org.uk
113,ALLIANCE,BARTS HEALTH,60a6313d7dd392a16e228a94,DataSharing@hqip.org.uk
114,ALLIANCE,RENAL ASSOCIATION,5f3f98068af2ef61552e1d75,DataSharing@hqip.org.uk
115,ALLIANCE,NHS DIGITAL,5f8992a97150a1b050be0712,SAILDatabank@swansea.ac.uk
116,ALLIANCE,SAIL,607db9c4e1f9d3704d570d23,RESPIRE@ed.ac.uk
117,ALLIANCE,HQIP,607db9c3e1f9d3704d570d0a,r.zakeri@ucl.ac.uk
118,HUB,INSIGHT,607db9c5e1f9d3704d570d5f,DataSharing@hqip.org.uk
119,OTHER,Cicely Saunders Institute - Kings College London,5f3f98068af2ef61552e1d75,DataSharing@hqip.org.uk
120,ALLIANCE,NIHR BIORESOURCE,5f3f98068af2ef61552e1d75,R.T.Bryan@bham.ac.uk
121,ALLIANCE,SAIL,61ba059ac688870b12a4e05b,DataSharing@hqip.org.uk
122,ALLIANCE,SAIL,5f86cd34980f41c6f02261f4,DataSharing@hqip.org.uk
123,ALLIANCE,TISSUE DIRECTORY,607db9c2e1f9d3704d570cee,surjeet.janjuha@nhs.net
124,ALLIANCE,TISSUE DIRECTORY,5f3f98068af2ef61552e1d75,researchers@registerfordiscover.org.uk
125,ALLIANCE,TISSUE DIRECTORY,607db9c2e1f9d3704d570ce6,Pioneer@UHB.NHS.UK
126,ALLIANCE,BARTS HEALTH,607db9c2e1f9d3704d570cde,epilepsybrainbank@ucl.ac.uk
127,ALLIANCE,GENOMICS ENGLAND,607db9c4e1f9d3704d570d23,LBIH-Biobank@liverpool.ac.uk
128,ALLIANCE,HEALTH INFORMATICS CENTRE - UNIVERSITY OF DUNDEE,607db9c2e1f9d3704d570ce6,tnt-icrctsu@icr.ac.uk
129,ALLIANCE,TISSUE DIRECTORY,5fc12be363eaab9e68dae76e,srs.customer.support@ons.gov.uk
130,ALLIANCE,SAIL,607db9c4e1f9d3704d570d23,SAILDatabank@swansea.ac.uk
131,HUBS,ALLEVIATE,5f3f98068af2ef61552e1d75,researchers@registerfordiscover.org.uk
132,ALLIANCE,TISSUE DIRECTORY,5fc12be363eaab9e68dae76e,vincap-icrctsu@icr.ac.uk
133,ALLIANCE,SAIL,5fc12be363eaab9e68dae76e,breathe.saildatabank@swansea.ac.uk
134,ALLIANCE,PUBLIC HEALTH SCOTLAND,607db9c2e1f9d3704d570ce6,researchers@registerfordiscover.org.uk
135,ALLIANCE,TISSUE DIRECTORY,607db9c3e1f9d3704d570d0a,SAILDatabank@swansea.ac.uk
136,HUB,PIONEER,607db9c5e1f9d3704d570d5f,researchers@registerfordiscover.org.uk
137,HUB,BREATHE,607db9c4e1f9d3704d570d23,mrcctu.stampede@ucl.ac.uk
138,HUB,GUT REACTION,607db9c4e1f9d3704d570d3f,gecip-help@genomicsengland.co.uk
139,ALLIANCE,HEALTH INFORMATICS CENTRE - UNIVERSITY OF DUNDEE,607db9c2e1f9d3704d570cee,breathe.saildatabank@swansea.ac.uk
140,HUB,PIONEER,607db9c4e1f9d3704d570d1f,SAILDatabank@swansea.ac.uk
141,ALLIANCE,BARTS HEALTH,61800787f4dde0c2a01e1ea2,RESPIRE@ed.ac.uk
142,HUB,BREATHE,5f3f98068af2ef61552e1d75,laura.moss@wales.nhs.uk
143,ALLIANCE,HQIP,607db9c4e1f9d3704d570d23,practiceenquiries@phc.ox.ac.uk
144,ALLIANCE,HQIP,607db9c2e1f9d3704d570cee,DataSharing@hqip.org.uk
145,ALLIANCE,SAIL,607db9c2e1f9d3704d570ce6,breathe.saildatabank@swansea.ac.uk
146,HUB,DATA-CAN,607db9c4e1f9d3704d570d3f,DataSharing@hqip.org.uk
147,ALLIANCE,PUBLIC HEALTH SCOTLAND,607db9c2e1f9d3704d570cee,researchers@registerfordiscover.org.uk
148,ALLIANCE,TISSUE DIRECTORY,607db9c5e1f9d3704d570d5f,enquiries@nhsdigital.nhs.uk
149,ALLIANCE,TISSUE DIRECTORY,61ba059ac688870b12a4e05b,PIONEER@UHB.NHS.UK
150,ALLIANCE,SAIL,607db9c2e1f9d3704d570ce2,biol622@york.ac.uk
151,ALLIANCE,SAIL,607db9c4e1f9d3704d570d23,l.baxter@sheffield.ac.uk
152,ALLIANCE,GENOMICS ENGLAND,607db9c4e1f9d3704d570d23,breathe.saildatabank@swansea.ac.uk
153,ALLIANCE,NHS DIGITAL,5f3f98068af2ef61552e1d75,bcntb@leeds.ac.uk
154,HUB,GUT REACTION,60d092bc99419879d0dfa485,DataSharing@hqip.org.uk
155,ALLIANCE,SAIL,607db9c2e1f9d3704d570ce6,ctc.darwin1@ucl.ac.uk
156,ALLIANCE,HEALTH INFORMATICS CENTRE - UNIVERSITY OF DUNDEE,607db9c6e1f9d3704d570d93,RESPIRE@ed.ac.uk
157,ALLIANCE,CPRD,5f8992a97150a1b050be0712,parry-jonesa@cf.ac.uk
158,ALLIANCE,SAIL,5f8992a97150a1b050be0712,DataSharing@hqip.org.uk
159,ALLIANCE,HEALTH AND SOCIAL CARE NORTHERN IRELAND,5f3f98068af2ef61552e1d75,SAILDatabank@swansea.ac.uk
160,ALLIANCE,SAIL,61ba059ac688870b12a4e05b,casps-icrctsu@icr.ac.uk
161,HUB,BREATHE,61ba059ac688870b12a4e05b,alspac-data@bristol.ac.uk
162,ALLIANCE,HEALTH INFORMATICS CENTRE - UNIVERSITY OF DUNDEE,607db9c3e1f9d3704d570d0a,PIONEER@UHB.NHS.UK
163,ALLIANCE,BARTS HEALTH,607db9c2e1f9d3704d570ce6,breathe.saildatabank@swansea.ac.uk
164,ALLIANCE,NHS DIGITAL,607db9c3e1f9d3704d570d0a,ctru-myelomaxii@leeds.ac.uk
165,ALLIANCE,TISSUE DIRECTORY,607db9c3e1f9d3704d570d0a,imaging@nhsx.nhs.uk
166,ALLIANCE,SAIL,607db9c2e1f9d3704d570cee,rtb@leeds.ac.uk
167,ALLIANCE,PUBLIC HEALTH SCOTLAND,607db9c2e1f9d3704d570cee,hicsupport@dundee.ac.uk
168,ALLIANCE,NIHR Nottingham Biomedical Research Centre,5f3f98068af2ef61552e1d75,ci.bbfhad-admin@ucl.ac.uk
169,HUB,PIONEER,607db9c2e1f9d3704d570ce6,saildatabank@swansea.ac.uk
170,ALLIANCE,UNIVERSITY OF NOTTINGHAM,607db9c2e1f9d3704d570ce6,bwc.cehrb_@nhs.net
171,HUB,PIONEER,607db9c4e1f9d3704d570d23,SAILDatabank@swansea.ac.uk
172,ALLIANCE,CPRD,607db9c2e1f9d3704d570cee,SAILDatabank@swansea.ac.uk
173,ALLIANCE,HQIP,607db9c4e1f9d3704d570d23,enquiries@insight.hdrhub.org
174,HUB,BREATHE,607db9c4e1f9d3704d570d23,gecip-help@genomicsengland.co.uk
175,ALLIANCE,HQIP,607db9c5e1f9d3704d570d5f,SAILDatabank@swansea.ac.uk
176,ALLIANCE,TISSUE DIRECTORY,607db9c2e1f9d3704d570cee,SAILDatabank@swansea.ac.uk
177,ALLIANCE,NEONATAL DATA ANALYSIS UNIT - IMPERIAL COLLEGE LONDON,607db9c2e1f9d3704d570cee,PIONEER@UHB.NHS.UK
178,ALLIANCE,CPRD,5f3f98068af2ef61552e1d75,Sam.Rising@nottingham.ac.uk
179,ALLIANCE,HEALTH AND SOCIAL CARE NORTHERN IRELAND,607db9c3e1f9d3704d570cfa,administration@researchdonors.co.uk
180,ALLIANCE,SAIL,607db9c4e1f9d3704d570d1f,nibiobank@qub.ac.uk
181,ALLIANCE,SAIL,5f8437a3b7dec2a83e8cceba,SAILDatabank@swansea.ac.uk
182,ALLIANCE,TISSUE DIRECTORY,607db9c4e1f9d3704d570d3f,octo-enquiries@oncology.ox.ac.uk
183,ALLIANCE,HQIP,607db9c4e1f9d3704d570d23,DataSharing@hqip.org.uk
184,ALLIANCE,NIHR BIORESOURCE,607db9c4e1f9d3704d570d1f,srf42@medschl.cam.ac.uk
185,ALLIANCE,HEALTH INFORMATICS CENTRE - UNIVERSITY OF DUNDEE,5f8437a3b7dec2a83e8cceba,researchers@registerfordiscover.org.uk
186,HUB,BREATHE,607db9c5e1f9d3704d570d63,registry@cysticfibrosis.org.uk
187,HUB,BREATHE,61ba059ac688870b12a4e05b,martin.taylor@ndorms.ox.ac.uk
188,HUB,INSIGHT,5fc12be363eaab9e68dae76e,breathe.saildatabank@swansea.ac.uk
189,ALLIANCE,TISSUE DIRECTORY,607db9c5e1f9d3704d570d5f,breathe.saildatabank@swansea.ac.uk
190,ALLIANCE,TISSUE DIRECTORY,607db9c3e1f9d3704d570cfa,kp1@soton.ac.uk
191,HUB,DISCOVER NOW,5fc12be363eaab9e68dae76e,hbrc-tissuebank@contacts.bham.ac.uk
192,ALLIANCE,TISSUE DIRECTORY,607db9c2e1f9d3704d570cee,SAILDatabank@swansea.ac.uk
193,ALLIANCE,BARTS HEALTH,5f3f98068af2ef61552e1d75,surjeet.janjuha@nhs.net
194,ALLIANCE,SAIL,607db9c4e1f9d3704d570d1f,DataSharing@hqip.org.uk
195,ALLIANCE,SAIL,5f3f98068af2ef61552e1d75,enquiries@cprd.com
196,HUB,PIONEER,5f3f98068af2ef61552e1d75,enquiries@cprd.com
197,HUB,BREATHE,607db9c2e1f9d3704d570ce2,react.access@imperial.ac.uk
198,HUBS,ALLEVIATE,5f86cd34980f41c6f02261f4,PIONEER@UHB.NHS.UK
199,ALLIANCE,BRAIN TUMOUR CHARITY,5f3f98068af2ef61552e1d75,enquiries@cellbank.org.uk
200,ALLIANCE,SAIL,5f3f98068af2ef61552e1d75,DataSharing@hqip.org.uk
201,ALLIANCE,PUBLIC HEALTH SCOTLAND,607db9c4e1f9d3704d570d23,SAILDatabank@swansea.ac.uk
202,ALLIANCE,SAIL,607db9c4e1f9d3704d570d1f,datacan@uclpartners.com
203,ALLIANCE,SAIL,5f8992a97150a1b050be0712,SAILDatabank@swansea.ac.uk
204,ALLIANCE,HQIP,607db9c4e1f9d3704d570d1f,datacan@uclpartners.com
205,HUB,GUT REACTION,607db9c4e1f9d3704d570d1f,elainedavies@kidneyresearchuk.org
206,ALLIANCE,HQIP,607db9c4e1f9d3704d570d23,info@bio-dock.com
207,ALLIANCE,BARTS HEALTH,607db9c3e1f9d3704d570cfa,phs.edris@phs.scot
208,HUB,GUT REACTION,609bc283781cac1dbab2a385,rapper@manchester.ac.uk
209,HUB,PIONEER,607db9c4e1f9d3704d570d23,vivaldi.covid19@ucl.ac.uk
210,HUB,GUT REACTION,607db9c4e1f9d3704d570d1f,SAILDatabank@swansea.ac.uk
211,ALLIANCE,SAIL,5fc12be363eaab9e68dae76e,ctc.rathl@ucl.ac.uk
212,ALLIANCE,TISSUE DIRECTORY,607db9c2e1f9d3704d570cee,Sam.Rising@nottingham.ac.uk
213,ALLIANCE,SAIL,607db9c4e1f9d3704d570d1f,enquiries@cprd.com
214,ALLIANCE,QResearch,5f8437a3b7dec2a83e8cceba,DataSharing@hqip.org.uk
215,HUB,DISCOVER NOW,5f8437a3b7dec2a83e8cceba,datacan@uclpartners.com
216,ALLIANCE,TISSUE DIRECTORY,607db9c3e1f9d3704d570cf6,breathe.saildatabank@swansea.ac.uk
217,ALLIANCE,NHS DIGITAL,5f8437a3b7dec2a83e8cceba,nbr@bioresource.nihr.ac.uk
218,ALLIANCE,CPRD,607db9c2e1f9d3704d570ce6,SAILDatabank@swansea.ac.uk
219,ALLIANCE,SAIL,607db9c2e1f9d3704d570ce6,SAILDatabank@swansea.ac.uk
220,HUB,BREATHE,607db9c2e1f9d3704d570cee,m.oates@liv.ac.uk
221,ALLIANCE,TISSUE DIRECTORY,5f86cd34980f41c6f02261f4,DataSharing@hqip.org.uk
222,ALLIANCE,BARTS HEALTH,5f3f98068af2ef61552e1d75,SAILDatabank@swansea.ac.uk
223,ALLIANCE,BARTS HEALTH,60cb52377018342af889e972,lida@leeds.ac.uk
224,HUB,PIONEER,607db9c4e1f9d3704d570d23,SAILDatabank@swansea.ac.uk
225,ALLIANCE,HQIP,607db9c4e1f9d3704d570d1f,SAILDatabank@swansea.ac.uk
226,ALLIANCE,SAIL,5f86cd34980f41c6f02261f4,DataSharing@hqip.org.uk
227,HUB,BREATHE,607db9c4e1f9d3704d570d1f,mecfsbiobank@lshtm.ac.uk
228,ALLIANCE,SAIL,5f3f98068af2ef61552e1d75,rwlm2@le.ac.uk
229,HUB,BREATHE,5f8992a97150a1b050be0712,plasmamatch-icrctsu@icr.ac.uk
230,ALLIANCE,CPRD,60a630687dd392a16e228a90,SAILDatabank@swansea.ac.uk
231,NCS,OFFICE FOR NATIONAL STATISTICS,607db9c3e1f9d3704d570cfa,DataSharing@hqip.org.uk
232,ALLIANCE,HQIP,613b2174b8b58d157f531e7a,SAILDatabank@swansea.ac.uk
233,ALLIANCE,CYSTIC FIBROSIS TRUST,607db9c2e1f9d3704d570ce6,PIONEER@UHB.NHS.UK
234,ALLIANCE,SAIL,5f8437a3b7dec2a83e8cceba,researchers@registerfordiscover.org.uk
235,NCS,OFFICE FOR NATIONAL STATISTICS,607db9c5e1f9d3704d570d5f,SAILDatabank@swansea.ac.uk
236,ALLIANCE,SAIL,607db9c4e1f9d3704d570d3f,enquiries@nhsdigital.nhs.uk
237,HUB,BREATHE,607db9c4e1f9d3704d570d23,nbr@bioresource.nihr.ac.uk
238,NCS,OFFICE FOR NATIONAL STATISTICS,607db9c2e1f9d3704d570cde,whitefs@cardiff.ac.uk
239,ALLIANCE,HQIP,607db9c3e1f9d3704d570d0a,researchers@registerfordiscover.org.uk
240,ALLIANCE,SAIL,607db9c4e1f9d3704d570d3f,david.steel@ncl.ac.uk
241,HUB,BREATHE,607db9c4e1f9d3704d570d23,registry@cysticfibrosis.org.uk
242,ALLIANCE,HQIP,607db9c4e1f9d3704d570d23,surjeet.janjuha@nhs.net
243,ALLIANCE,TISSUE DIRECTORY,5f3f98068af2ef61552e1d75,sharzad.moghadam@christie.nhs.uk
244,HUB,GUT REACTION,5f86cd34980f41c6f02261f4,cubiobank@cardiff.ac.uk
245,ALLIANCE,TISSUE DIRECTORY,5f8437a3b7dec2a83e8cceba,biobanking@exeter.ac.uk
246,HUB,DISCOVER NOW,607db9c6e1f9d3704d570d83,registry@cysticfibrosis.org.uk
247,HUB,PIONEER,5f3f98068af2ef61552e1d75,SAILDatabank@swansea.ac.uk
248,ALLIANCE,HQIP,613b2174b8b58d157f531e7a,registry@cysticfibrosis.org.uk
249,ALLIANCE,HQIP,5f3f98068af2ef61552e1d75,SAILDatabank@swansea.ac.uk
250,ALLIANCE,NIHR BIORESOURCE,607db9c2e1f9d3704d570cee,RESPIRE@ed.ac.uk
251,ALLIANCE,HQIP,613b2174b8b58d157f531e7a,SAILDatabank@swansea.ac.uk
252,ALLIANCE,CPRD,61ba059ac688870b12a4e05b,ezra.linley@phe.gov.uk
253,ALLIANCE,HEALTH INFORMATICS CENTRE - UNIVERSITY OF DUNDEE,607db9c5e1f9d3704d570d5f,chloe.smith@liverpool.ac.uk
254,ALLIANCE,HQIP,607db9c4e1f9d3704d570d1f,DataSharing@hqip.org.uk
255,HUBS,DATAMIND,5f3f98068af2ef61552e1d75,DataSharing@hqip.org.uk
256,ALLIANCE,SAIL,607db9c4e1f9d3704d570d3f,SAILDatabank@swansea.ac.uk
257,ALLIANCE,SAIL,607db9c4e1f9d3704d570d3f,OxfordCO-CONNECT@ouh.nhs.uk
258,ALLIANCE,HQIP,5f86cd34980f41c6f02261f4,d.j.collier@qmul.ac.uk
259,ALLIANCE,CPRD,5f3f98068af2ef61552e1d75,DTB@hyms.ac.uk
260,HUB,BREATHE,607db9c4e1f9d3704d570d23,registry@cysticfibrosis.org.uk
261,HUB,BREATHE,5f89662f7150a1b050be0710,nicam-icrctsu@icr.ac.uk
262,ALLIANCE,TISSUE DIRECTORY,61800787f4dde0c2a01e1ea2,SAILDatabank@swansea.ac.uk
263,ALLIANCE,HQIP,5f8992a97150a1b050be0712,enquiries@nhsdigital.nhs.uk
264,ALLIANCE,HQIP,61ba059ac688870b12a4e05b,mrcctu.icon8and8b@ucl.ac.uk
265,ALLIANCE,NIHR BIORESOURCE,607db9c2e1f9d3704d570cde,phs.edris@phs.scot
266,ALLIANCE,TISSUE DIRECTORY,5f3f98068af2ef61552e1d75,Benjamin.Ollivere@nottingham.ac.uk
267,ALLIANCE,CPRD,607db9c6e1f9d3704d570d93,SAILDatabank@swansea.ac.uk
268,HUB,PIONEER,5f3f98068af2ef61552e1d75,clare.orange@ggc.scot.nhs.uk
269,ALLIANCE,QResearch,5f3f98068af2ef61552e1d75,Ndns.Bioresource@phe.gov.uk
270,OTHER,BHF Data Science Centre,607db9c3e1f9d3704d570cfa,enquiries@nhsdigital.nhs.uk
271,ALLIANCE,HQIP,6214e1ff39af25bbdff24338,registry@cysticfibrosis.org.uk
272,ALLIANCE,HQIP,607db9c4e1f9d3704d570d1f,registry@cysticfibrosis.org.uk
273,ALLIANCE,HQIP,607db9c2e1f9d3704d570ce6,a.gentry-maharaj@ucl.ac.uk
274,ALLIANCE,HQIP,607db9c2e1f9d3704d570ce6,rio-icrctsu@icr.ac.uk
275,ALLIANCE,SAIL,607db9c4e1f9d3704d570d1f,SAILDatabank@swansea.ac.uk
276,OTHER,AIRWAVE,607db9c5e1f9d3704d570d5f,surjeet.janjuha@nhs.net
277,ALLIANCE,BARTS HEALTH,607db9c2e1f9d3704d570cee,researchers@registerfordiscover.org.uk
278,HUB,BREATHE,607db9c2e1f9d3704d570cee,SAILDatabank@swansea.ac.uk
279,ALLIANCE,UNIVERSITY OF NOTTINGHAM,607db9c2e1f9d3704d570cee,RESPIRE@ed.ac.uk
280,HUB,DISCOVER NOW,607db9c2e1f9d3704d570cee,SAILDatabank@swansea.ac.uk
281,ALLIANCE,PUBLIC HEALTH SCOTLAND,608921f2813359fb2eea45ac,richard.adams@wales.nhs.uk
282,HUB,PIONEER,607db9c4e1f9d3704d570d23,DataSharing@hqip.org.uk
283,ALLIANCE,PUBLIC HEALTH SCOTLAND,607db9c4e1f9d3704d570d23,SAILDatabank@swansea.ac.uk
284,ALLIANCE,SAIL,607db9c5e1f9d3704d570d5f,SAILDatabank@swansea.ac.uk
285,ALLIANCE,TISSUE DIRECTORY,607db9c2e1f9d3704d570cee,srf42@medschl.cam.ac.uk
286,ALLIANCE,QResearch,607db9c4e1f9d3704d570d1f,helpdesk@trackcovid.org.uk
287,ALLIANCE,QResearch,607db9c2e1f9d3704d570ce6,unirad-icrctsu@icr.ac.uk
288,HUB,GUT REACTION,607db9c4e1f9d3704d570d23,Sam.Rising@nottingham.ac.uk
289,ALLIANCE,TISSUE DIRECTORY,6229d9ed19d9bc228c5b2b45,SAILDatabank@swansea.ac.uk
290,HUB,BREATHE,5f3f98068af2ef61552e1d75,cheryl.gillett@kcl.ac.uk
291,ALLIANCE,TISSUE DIRECTORY,5f3f98068af2ef61552e1d75,breathe.saildatabank@swansea.ac.uk
292,HUB,GUT REACTION,5f8992a97150a1b050be0712,hicsupport@dundee.ac.uk
293,HUB,GUT REACTION,5f8437a3b7dec2a83e8cceba,clare.orange@ggc.scot.nhs.uk
294,NCS,OFFICE FOR NATIONAL STATISTICS,607db9c2e1f9d3704d570cee,sallyanne.meakins@nhs.net
295,ALLIANCE,SAIL,5fc12be363eaab9e68dae76e,joely.irlam@ics.manchester.ac.uk
296,ALLIANCE,CPRD,5f8992a97150a1b050be0712,breathe.saildatabank@swansea.ac.uk
297,ALLIANCE,CPRD,5f8992a97150a1b050be0712,datacan@uclpartners.com
298,ALLIANCE,SAIL,607db9c5e1f9d3704d570d5f,nbr@bioresource.nihr.ac.uk
299,HUB,BREATHE,607db9c4e1f9d3704d570d1f,DataSharing@hqip.org.uk
300,HUB,BREATHE,607db9c2e1f9d3704d570ce6,info@generationscotland.org
301,ALLIANCE,HQIP,607db9c4e1f9d3704d570d23,DataSharing@hqip.org.uk
302,ALLIANCE,CPRD,607db9c6e1f9d3704d570d93,breathe.saildatabank@swansea.ac.uk
303,ALLIANCE,HQIP,61ba059ac688870b12a4e05b,PIONEER@UHB.NHS.UK
304,ALLIANCE,HQIP,607db9c2e1f9d3704d570ce6,s.l.myers@leeds.ac.uk
305,HUB,PIONEER,5f3f98068af2ef61552e1d75,carolyn.gill@kcl.ac.uk
306,HUB,DISCOVER NOW,5f3f98068af2ef61552e1d75,DataSharing@hqip.org.uk
307,ALLIANCE,TISSUE DIRECTORY,607db9c2e1f9d3704d570ce6,ctc.idris@ucl.ac.uk
308,ALLIANCE,CPRD,607db9c4e1f9d3704d570d23,covid.study@gosh.nhs.uk
309,HUB,BREATHE,61800787f4dde0c2a01e1ea2,RESPIRE@ed.ac.uk
310,ALLIANCE,CPRD,607db9c5e1f9d3704d570d5f,SAILDatabank@swansea.ac.uk
311,ALLIANCE,SAIL,607db9c5e1f9d3704d570d5f,SAILDatabank@swansea.ac.uk
312,HUB,DISCOVER NOW,607db9c5e1f9d3704d570d63,grampian.biorepository@nhs.net
313,ALLIANCE,HEALTH INFORMATICS CENTRE - UNIVERSITY OF DUNDEE,60a62fc87dd392a16e228a8e,DataSharing@hqip.org.uk
314,HUB,INSIGHT,6214e1ff39af25bbdff24338,ctc.peace@ucl.ac.uk
315,ALLIANCE,NIHR BIORESOURCE,607db9c2e1f9d3704d570ce6,surjeet.janjuha@nhs.net
316,ALLIANCE,HQIP,5f3f98068af2ef61552e1d75,SAILDatabank@swansea.ac.uk
317,HUB,DISCOVER NOW,5f8437a3b7dec2a83e8cceba,researchers@registerfordiscover.org.uk
318,ALLIANCE,SAIL,5f3f98068af2ef61552e1d75,surjeet.janjuha@nhs.net
319,ALLIANCE,HEALTH INFORMATICS CENTRE - UNIVERSITY OF DUNDEE,60c08fa84401b6d377682068,SAILDatabank@swansea.ac.uk
320,HUB,INSIGHT,5f3f98068af2ef61552e1d75,researchers@registerfordiscover.org.uk
321,ALLIANCE,PUBLIC HEALTH ENGLAND,609bc283781cac1dbab2a385,PHOTO-icrctsu@icr.ac.uk
322,ALLIANCE,QResearch,607db9c4e1f9d3704d570d23,enquiries@nhsdigital.nhs.uk
323,NCS,OFFICE FOR NATIONAL STATISTICS,5f3f98068af2ef61552e1d75,PIONEER@UHB.NHS.UK
324,HUB,DISCOVER NOW,607db9c5e1f9d3704d570d5f,Tommysnationalreproductivehealthbiobank@uhcw.nhs.uk
325,HUB,PIONEER,607db9c2e1f9d3704d570cee,phoenix-icrctsu@icr.ac.uk
326,ALLIANCE,TISSUE DIRECTORY,5f3f98068af2ef61552e1d75,NIHRLeicesterBRC@uhl-tr.nhs.uk
327,HUB,DISCOVER NOW,607db9c4e1f9d3704d570d23,SAILDatabank@swansea.ac.uk
328,NCS,OFFICE FOR NATIONAL STATISTICS,6048a783a89bdc3443823333,breathe.saildatabank@swansea.ac.uk
329,ALLIANCE,CPRD,607db9c4e1f9d3704d570d23,DataSharing@hqip.org.uk
330,ALLIANCE,GENOMICS ENGLAND,5f89662f7150a1b050be0710,DataSharing@hqip.org.uk
331,HUB,BREATHE,5f7b1a2bce9f65e6ed83e7da,researchers@registerfordiscover.org.uk
332,ALLIANCE,SAIL,607db9c2e1f9d3704d570ce6,john.cason@kcl.ac.uk
333,ALLIANCE,HEALTH INFORMATICS CENTRE - UNIVERSITY OF DUNDEE,607db9c3e1f9d3704d570d0a,enquiries@nhsdigital.nhs.uk
334,ALLIANCE,SAIL,600f270ea006832002953674,SAILDatabank@swansea.ac.uk
335,ALLIANCE,SAIL,607db9c2e1f9d3704d570ce6,bristol-biobank@bristol.ac.uk
336,OTHER,BHF Data Science Centre,5f89662f7150a1b050be0710,DataSharing@hqip.org.uk
337,ALLIANCE,NHS DIGITAL,5f8992a97150a1b050be0712,requite@manchester.ac.uk
338,ALLIANCE,SAIL,5f8992a97150a1b050be0712,import-icrctsu@icr.ac.uk
339,ALLIANCE,SAIL,5f8992a97150a1b050be0712,
340,ALLIANCE,SAIL,61800787f4dde0c2a01e1ea2,
341,ALLIANCE,HQIP,607db9c4e1f9d3704d570d3f,
342,ALLIANCE,HEALTH INFORMATICS CENTRE - UNIVERSITY OF DUNDEE,5f8992a97150a1b050be0712,
343,HUB,BREATHE,5fc12be363eaab9e68dae76e,
344,ALLIANCE,TISSUE DIRECTORY,5f3f98068af2ef61552e1d75,
345,ALLIANCE,ROYAL COLLEGE OF GENERAL PRACTITIONERS,607db9c2e1f9d3704d570ce6,
346,ALLIANCE,HQIP,607db9c3e1f9d3704d570cfa,
347,ALLIANCE,PUBLIC HEALTH SCOTLAND,607db9c2e1f9d3704d570ce6,
348,ALLIANCE,HEALTH INFORMATICS CENTRE - UNIVERSITY OF DUNDEE,607db9c6e1f9d3704d570d93,
349,ALLIANCE,HEALTH INFORMATICS CENTRE - UNIVERSITY OF DUNDEE,607db9c4e1f9d3704d570d1f,
350,ALLIANCE,HQIP,607db9c4e1f9d3704d570d1f,
351,HUB,DISCOVER NOW,60a630c77dd392a16e228a92,
352,HUB,BREATHE,5f89662f7150a1b050be0710,
353,ALLIANCE,RENAL ASSOCIATION,5f3f98068af2ef61552e1d75,
354,ALLIANCE,HQIP,607db9c4e1f9d3704d570d23,
355,ALLIANCE,HEALTH INFORMATICS CENTRE - UNIVERSITY OF DUNDEE,607db9c2e1f9d3704d570ce6,
356,NCS,OFFICE FOR NATIONAL STATISTICS,5f89662f7150a1b050be0710,
357,ALLIANCE,CPRD,607db9c2e1f9d3704d570cde,
358,ALLIANCE,HEALTH INFORMATICS CENTRE - UNIVERSITY OF DUNDEE,607db9c4e1f9d3704d570d23,
359,ALLIANCE,HQIP,5f8992a97150a1b050be0712,
360,HUB,DISCOVER NOW,613b2174b8b58d157f531e7a,
361,ALLIANCE,NHS DIGITAL,607db9c2e1f9d3704d570cee,
362,HUB,INSIGHT,61800787f4dde0c2a01e1ea2,
363,HUB,PIONEER,607db9c4e1f9d3704d570d1f,
364,ALLIANCE,TISSUE DIRECTORY,607db9c4e1f9d3704d570d1f,
365,HUB,INSIGHT,607db9c4e1f9d3704d570d23,
366,HUB,DATA-CAN,61603974c8c15ee90b768546,
367,ALLIANCE,TISSUE DIRECTORY,5f3f98068af2ef61552e1d75,
368,HUB,BREATHE,5f3f98068af2ef61552e1d75,
369,ALLIANCE,TISSUE DIRECTORY,607db9c5e1f9d3704d570d5f,
370,HUB,INSIGHT,607db9c2e1f9d3704d570cee,
371,HUB,BREATHE,607db9c2e1f9d3704d570ce6,
372,ALLIANCE,HQIP,60a630c77dd392a16e228a92,
373,ALLIANCE,TISSUE DIRECTORY,607db9c5e1f9d3704d570d5f,
374,HUB,BREATHE,607db9c2e1f9d3704d570ce6,
375,HUB,BREATHE,607db9c4e1f9d3704d570d23,
376,ALLIANCE,TISSUE DIRECTORY,5f89662f7150a1b050be0710,
377,ALLIANCE,CPRD,613b2174b8b58d157f531e7a,
378,ALLIANCE,NHS DIGITAL,5f3f98068af2ef61552e1d75,
379,ALLIANCE,HQIP,607db9c2e1f9d3704d570cee,
380,ALLIANCE,SAIL,607db9c3e1f9d3704d570d0a,
381,OTHER,TWINS UK,607db9c2e1f9d3704d570cde,
382,ALLIANCE,SAIL,5fc12be363eaab9e68dae76e,
383,ALLIANCE,HQIP,61800787f4dde0c2a01e1ea2,
384,ALLIANCE,HEALTH INFORMATICS CENTRE - UNIVERSITY OF DUNDEE,607db9c5e1f9d3704d570d5f,
385,ALLIANCE,NHS DIGITAL,5f3f98068af2ef61552e1d75,
386,ALLIANCE,HEALTH INFORMATICS CENTRE - UNIVERSITY OF DUNDEE,5f8992a97150a1b050be0712,
387,ALLIANCE,SAIL,607db9c2e1f9d3704d570cee,
388,ALLIANCE,PUBLIC HEALTH SCOTLAND,5f3f98068af2ef61552e1d75,
389,OTHERS,GODARTS,607db9c5e1f9d3704d570d5f,
390,HUB,DISCOVER NOW,5f86cd34980f41c6f02261f4,
391,HUBS,ALLEVIATE,607db9c2e1f9d3704d570cee,
392,ALLIANCE,TISSUE DIRECTORY,5f86cd34980f41c6f02261f4,
393,HUB,BREATHE,5f3f98068af2ef61552e1d75,
394,HUB,INSIGHT,624472a84ca5dcd8ea6e0d71,
395,ALLIANCE,AVON LONGITUDINAL STUDY OF PARENTS AND CHILDREN,5f3f98068af2ef61552e1d75,
396,HUB,PIONEER,607db9c3e1f9d3704d570cfa,
397,ALLIANCE,NIHR BIORESOURCE,5f8992a97150a1b050be0712,
398,ALLIANCE,HQIP,5f8437a3b7dec2a83e8cceba,
399,HUB,PIONEER,5f89662f7150a1b050be0710,
400,HUB,BREATHE,607db9c2e1f9d3704d570cee,
401,ALLIANCE,BARTS HEALTH,5f3f98068af2ef61552e1d75,
402,ALLIANCE,TISSUE DIRECTORY,5f3f98068af2ef61552e1d75,
403,HUB,GUT REACTION,5f3f98068af2ef61552e1d75,
404,ALLIANCE,NIHR BIORESOURCE,607db9c2e1f9d3704d570cee,
405,ALLIANCE,HQIP,607db9c4e1f9d3704d570d1f,
406,ALLIANCE,HQIP,61800787f4dde0c2a01e1ea2,
407,ALLIANCE,SAIL,5f89662f7150a1b050be0710,
408,ALLIANCE,NHS DIGITAL,607db9c4e1f9d3704d570d1f,
409,HUB,INSIGHT,5f3f98068af2ef61552e1d75,
410,ALLIANCE,NHSX,607db9c4e1f9d3704d570d23,
411,ALLIANCE,TISSUE DIRECTORY,5f8992a97150a1b050be0712,
412,OTHER,UK Longitudinal Linkage Collaboration (UK LLC),5f3f98068af2ef61552e1d75,
413,ALLIANCE,SAIL,5fc12be363eaab9e68dae76e,
414,HUBS,ALLEVIATE,5f8992a97150a1b050be0712,
415,ALLIANCE,SAIL,607db9c4e1f9d3704d570d23,
416,ALLIANCE,CPRD,607db9c3e1f9d3704d570d0a,
417,ALLIANCE,HEALTH INFORMATICS CENTRE - UNIVERSITY OF DUNDEE,5f3f98068af2ef61552e1d75,
418,ALLIANCE,TISSUE DIRECTORY,61ba059ac688870b12a4e05b,
419,ALLIANCE,SAIL,5f3f98068af2ef61552e1d75,
420,HUBS,ALLEVIATE,607db9c4e1f9d3704d570d23,
421,ALLIANCE,QResearch,607db9c4e1f9d3704d570d1f,
422,HUB,PIONEER,607db9c2e1f9d3704d570ce6,
423,ALLIANCE,TISSUE DIRECTORY,607db9c4e1f9d3704d570d23,
424,ALLIANCE,HEALTH INFORMATICS CENTRE - UNIVERSITY OF DUNDEE,6214e1ff39af25bbdff24338,
425,ALLIANCE,SAIL,607db9c2e1f9d3704d570cee,
426,ALLIANCE,NIHR BIORESOURCE,607db9c2e1f9d3704d570ce6,
427,ALLIANCE,NIHR BIORESOURCE,613b2174b8b58d157f531e7a,
428,ALLIANCE,NHS DIGITAL,613b2174b8b58d157f531e7a,
429,ALLIANCE,SAIL,607db9c2e1f9d3704d570cea,
430,ALLIANCE,HQIP,607db9c3e1f9d3704d570cfe,
431,ALLIANCE,HEALTH AND SOCIAL CARE NORTHERN IRELAND,607db9c4e1f9d3704d570d23,
432,HUB,BREATHE,607db9c2e1f9d3704d570cde,
433,HUB,BREATHE,607db9c5e1f9d3704d570d5f,
434,HUBS,DATAMIND,5f8992a97150a1b050be0712,
435,ALLIANCE,PUBLIC HEALTH SCOTLAND,607db9c4e1f9d3704d570d23,
436,ALLIANCE,QResearch,607db9c2e1f9d3704d570ce6,
437,HUB,INSIGHT,5f3f98068af2ef61552e1d75,
438,ALLIANCE,BARTS HEALTH,607db9c4e1f9d3704d570d3f,
439,ALLIANCE,SAIL,607db9c4e1f9d3704d570d1f,
440,ALLIANCE,GENOMICS ENGLAND,613b2174b8b58d157f531e7a,
441,ALLIANCE,SAIL,607db9c7e1f9d3704d570d97,
442,ALLIANCE,UNIVERSITY OF NOTTINGHAM,609bc283781cac1dbab2a385,
443,ALLIANCE,SAIL,5f3f98068af2ef61552e1d75,
444,ALLIANCE,SAIL,607db9c4e1f9d3704d570d1f,
445,ALLIANCE,SAIL,607db9c4e1f9d3704d570d3f,
446,HUB,DISCOVER NOW,5f8992a97150a1b050be0712,
447,HUB,PIONEER,607db9c5e1f9d3704d570d5f,
448,ALLIANCE,NIHR Nottingham Biomedical Research Centre,609bc283781cac1dbab2a385,
449,ALLIANCE,TISSUE DIRECTORY,607db9c6e1f9d3704d570d93,
450,ALLIANCE,HEALTH INFORMATICS CENTRE - UNIVERSITY OF DUNDEE,607db9c2e1f9d3704d570cee,
451,HUB,BREATHE,61ba059ac688870b12a4e05b,
452,ALLIANCE,TISSUE DIRECTORY,607db9c2e1f9d3704d570cee,
453,HUB,BREATHE,607db9c5e1f9d3704d570d5f,
454,ALLIANCE,HEALTH INFORMATICS CENTRE - UNIVERSITY OF DUNDEE,607db9c3e1f9d3704d570d0a,
455,HUB,BREATHE,5f3f98068af2ef61552e1d75,
456,ALLIANCE,TISSUE DIRECTORY,5f8992a97150a1b050be0712,
457,ALLIANCE,HQIP,607db9c4e1f9d3704d570d23,
458,OTHER,The University of Cambridge,613b2174b8b58d157f531e7a,
459,HUB,DISCOVER NOW,607db9c3e1f9d3704d570cfa,
460,HUB,PIONEER,5f3f98068af2ef61552e1d75,
461,ALLIANCE,CYSTIC FIBROSIS TRUST,607db9c2e1f9d3704d570cee,
462,ALLIANCE,TISSUE DIRECTORY,607db9c3e1f9d3704d570d0a,
463,HUB,BREATHE,607db9c4e1f9d3704d570d23,
464,ALLIANCE,CPRD,607db9c5e1f9d3704d570d5f,
465,HUB,BREATHE,607db9c2e1f9d3704d570cee,
466,ALLIANCE,TISSUE DIRECTORY,5f8992a97150a1b050be0712,
467,ALLIANCE,CPRD,61800787f4dde0c2a01e1ea2,
468,ALLIANCE,CPRD,607db9c2e1f9d3704d570ce6,
469,ALLIANCE,TISSUE DIRECTORY,607db9c2e1f9d3704d570cee,
470,ALLIANCE,CPRD,5f3f98068af2ef61552e1d75,
471,ALLIANCE,NIHR CLINICAL RESEARCH NETWORK,5f86cd34980f41c6f02261f4,
472,ALLIANCE,HQIP,60a62fc87dd392a16e228a8e,
473,ALLIANCE,SAIL,5f86cd34980f41c6f02261f4,
474,ALLIANCE,HQIP,5f8992a97150a1b050be0712,
475,HUB,PIONEER,61800787f4dde0c2a01e1ea2,
476,ALLIANCE,BARTS HEALTH,61ba059ac688870b12a4e05b,
477,ALLIANCE,HQIP,607db9c2e1f9d3704d570cee,
478,ALLIANCE,CPRD,5fc12be363eaab9e68dae76e,
479,ALLIANCE,CPRD,5f8992a97150a1b050be0712,
480,ALLIANCE,CPRD,5f3f98068af2ef61552e1d75,
481,ALLIANCE,HEALTH INFORMATICS CENTRE - UNIVERSITY OF DUNDEE,607db9c5e1f9d3704d570d5f,
482,HUB,BREATHE,5f8992a97150a1b050be0712,
483,ALLIANCE,HQIP,61ba059ac688870b12a4e05b,
484,ALLIANCE,"Research and Innovation at Nottingham University Hospitals, NHS Trust",5f3f98068af2ef61552e1d75,
485,ALLIANCE,IMPERIAL COLLEGE LONDON,607db9c5e1f9d3704d570d5f,
486,ALLIANCE,SAIL,61c0b0afc847cf2684f2f7e9,
487,ALLIANCE,SAIL,61ba059ac688870b12a4e05b,
488,ALLIANCE,PUBLIC HEALTH SCOTLAND,61ba059ac688870b12a4e05b,
489,HUB,PIONEER,5f8437a3b7dec2a83e8cceba,
490,HUB,INSIGHT,607db9c4e1f9d3704d570d23,
491,ALLIANCE,CPRD,607db9c4e1f9d3704d570d23,
492,NCS,OFFICE FOR NATIONAL STATISTICS,5f3f98068af2ef61552e1d75,
493,ALLIANCE,PUBLIC HEALTH SCOTLAND,5f86cd34980f41c6f02261f4,
494,ALLIANCE,PUBLIC HEALTH SCOTLAND,60cb538a7018342af889e974,
495,ALLIANCE,TISSUE DIRECTORY,60a630c77dd392a16e228a92,
496,HUB,PIONEER,5f3f98068af2ef61552e1d75,
497,ALLIANCE,HQIP,607db9c4e1f9d3704d570d23,
498,ALLIANCE,HEALTH INFORMATICS CENTRE - UNIVERSITY OF DUNDEE,5f8992a97150a1b050be0712,
499,HUB,BREATHE,607db9c4e1f9d3704d570d1f,
500,HUB,BREATHE,607db9c6e1f9d3704d570d93,
501,ALLIANCE,HQIP,607db9c2e1f9d3704d570cee,
502,ALLIANCE,UNIVERSITY OF NOTTINGHAM,607db9c4e1f9d3704d570d23,
503,HUB,DATA-CAN,607db9c2e1f9d3704d570cee,
504,ALLIANCE,SAIL,607db9c4e1f9d3704d570d23,
505,ALLIANCE,QResearch,5f3f98068af2ef61552e1d75,
506,HUB,DATA-CAN,607db9c5e1f9d3704d570d5f,
507,HUB,BREATHE,5f8992a97150a1b050be0712,
508,ALLIANCE,TISSUE DIRECTORY,607db9c5e1f9d3704d570d5f,
509,ALLIANCE,SAIL,607db9c2e1f9d3704d570ce6,
510,ALLIANCE,TISSUE DIRECTORY,5f89662f7150a1b050be0710,
511,ALLIANCE,PUBLIC HEALTH SCOTLAND,613b2174b8b58d157f531e7a,
512,ALLIANCE,TISSUE DIRECTORY,,
513,ALLIANCE,SAIL,,
514,HUB,BREATHE,,
515,OTHER,UNIVERSITY COLLEGE LONDON,,
516,ALLIANCE,SAIL,,
517,ALLIANCE,HQIP,,
518,HUBS,DATAMIND,,
519,HUB,PIONEER,,
520,ALLIANCE,TISSUE DIRECTORY,,
521,HUB,PIONEER,,
522,ALLIANCE,PUBLIC HEALTH ENGLAND,,
523,OTHER,MRC EPIDEMIOLOGY UNIT - UNIVERSITY OF CAMBRIDGE,,
524,ALLIANCE,NIHR Nottingham Biomedical Research Centre,,
525,ALLIANCE,CPRD,,
526,HUB,BREATHE,,
527,ALLIANCE,SAIL,,
528,HUB,INSIGHT,,
529,ALLIANCE,HQIP,,
530,HUB,DATA-CAN,,
531,ALLIANCE,SAIL,,
532,OTHER,OPTIMUM PATIENT CARE,,
533,HUB,BREATHE,,
534,ALLIANCE,SAIL,,
535,ALLIANCE,RENAL ASSOCIATION,,
536,HUB,GUT REACTION,,
537,ALLIANCE,HQIP,,
538,HUB,BREATHE,,
539,ALLIANCE,SAIL,,
540,ALLIANCE,SAIL,,
541,HUB,PIONEER,,
542,ALLIANCE,CPRD,,
543,ALLIANCE,SAIL,,
544,ALLIANCE,HQIP,,
545,ALLIANCE,NEONATAL DATA ANALYSIS UNIT - IMPERIAL COLLEGE LONDON,,
546,ALLIANCE,TISSUE DIRECTORY,,
547,ALLIANCE,HQIP,,
548,ALLIANCE,SAIL,,
549,ALLIANCE,HQIP,,
550,ALLIANCE,HEALTH AND SOCIAL CARE NORTHERN IRELAND,,
551,HUB,DATA-CAN,,
552,OTHER,HEALTH DATA RESEARCH UK,,
553,HUB,BREATHE,,
554,ALLIANCE,SAIL,,
555,HUB,GUT REACTION,,
556,ALLIANCE,SAIL,,
557,ALLIANCE,HQIP,,
558,ALLIANCE,TISSUE DIRECTORY,,
559,ALLIANCE,ISARIC 4C,,
560,HUB,BREATHE,,
561,ALLIANCE,UNIVERSITY HOSPITALS OF LEICESTER,,
562,ALLIANCE,HEALTH AND SOCIAL CARE NORTHERN IRELAND,,
563,ALLIANCE,PUBLIC HEALTH SCOTLAND,,
564,ALLIANCE,TISSUE DIRECTORY,,
565,ALLIANCE,PUBLIC HEALTH SCOTLAND,,
566,ALLIANCE,PUBLIC HEALTH SCOTLAND,,
567,HUBS,DATAMIND,,
568,ALLIANCE,NIHR BIORESOURCE,,
569,ALLIANCE,SAIL,,
570,ALLIANCE,HQIP,,
571,ALLIANCE,PUBLIC HEALTH SCOTLAND,,
572,HUB,BREATHE,,
573,HUB,PIONEER,,
574,HUB,DISCOVER NOW,,
575,ALLIANCE,SAIL,,
576,NCS,OFFICE FOR NATIONAL STATISTICS,,
577,ALLIANCE,SAIL,,
578,HUB,BREATHE,,
579,HUB,DISCOVER NOW,,
580,HUB,BREATHE,,
581,ALLIANCE,UNIVERSITY OF NOTTINGHAM,,
582,ALLIANCE,HEALTH INFORMATICS CENTRE - UNIVERSITY OF DUNDEE,,
583,ALLIANCE,HEALTH INFORMATICS CENTRE - UNIVERSITY OF DUNDEE,,
584,ALLIANCE,NHS DIGITAL,,
585,ALLIANCE,PARKINSONS UK,,
586,HUB,GUT REACTION,,
587,ALLIANCE,TISSUE DIRECTORY,,
588,HUB,DISCOVER NOW,,
589,ALLIANCE,TISSUE DIRECTORY,,
590,ALLIANCE,HEALTH AND SOCIAL CARE NORTHERN IRELAND,,
591,ALLIANCE,CYSTIC FIBROSIS TRUST,,
592,ALLIANCE,BARTS HEALTH,,
593,ALLIANCE,TISSUE DIRECTORY,,
594,ALLIANCE,TISSUE DIRECTORY,,
595,ALLIANCE,TISSUE DIRECTORY,,
596,ALLIANCE,SAIL,,
597,ALLIANCE,HQIP,,
598,HUB,BREATHE,,
599,ALLIANCE,HEALTH AND SOCIAL CARE NORTHERN IRELAND,,
600,ALLIANCE,BARTS HEALTH,,
601,ALLIANCE,HQIP,,
602,ALLIANCE,PUBLIC HEALTH SCOTLAND,,
603,HUBS,ALLEVIATE,,
604,ALLIANCE,CPRD,,
605,HUBS,DATAMIND,,
606,ALLIANCE,CYSTIC FIBROSIS TRUST,,
607,ALLIANCE,HEALTH INFORMATICS CENTRE - UNIVERSITY OF DUNDEE,,
608,ALLIANCE,HEALTH INFORMATICS CENTRE - UNIVERSITY OF DUNDEE,,
609,ALLIANCE,SAIL,,
610,ALLIANCE,CYSTIC FIBROSIS TRUST,,
611,ALLIANCE,SAIL,,
612,ALLIANCE,HQIP,,
613,ALLIANCE,DataLoch,,
614,HUB,BREATHE,,
615,ALLIANCE,SAIL,,
616,ALLIANCE,SAIL,,
617,ALLIANCE,SAIL,,
618,HUB,PIONEER,,
619,ALLIANCE,TISSUE DIRECTORY,,
620,ALLIANCE,CPRD,,
621,HUB,BREATHE,,
622,ALLIANCE,TISSUE DIRECTORY,,
623,ALLIANCE,PARKINSONS UK,,
624,HUB,PIONEER,,
625,ALLIANCE,HQIP,,
626,HUB,BREATHE,,
627,ALLIANCE,HQIP,,
628,ALLIANCE,HEALTH AND SOCIAL CARE NORTHERN IRELAND,,
629,HUBS,ALLEVIATE,,
630,ALLIANCE,SAIL,,
631,ALLIANCE,CPRD,,
632,HUB,GUT REACTION,,
633,ALLIANCE,BARTS HEALTH,,
634,NCS,OFFICE FOR NATIONAL STATISTICS,,
635,HUBS,DATAMIND,,
636,ALLIANCE,HQIP,,
637,HUB,PIONEER,,
638,ALLIANCE,SAIL,,
639,ALLIANCE,SAIL,,
640,ALLIANCE,OXFORD UNIVERSITY HOSPITALS,,
641,ALLIANCE,TISSUE DIRECTORY,,
642,ALLIANCE,PUBLIC HEALTH SCOTLAND,,
643,ALLIANCE,CPRD,,
644,ALLIANCE,SAIL,,
645,HUB,PIONEER,,
646,ALLIANCE,TISSUE DIRECTORY,,
647,ALLIANCE,NHS DIGITAL,,
648,ALLIANCE,CYSTIC FIBROSIS TRUST,,
649,ALLIANCE,CPRD,,
650,ALLIANCE,NHS DIGITAL,,
651,ALLIANCE,TISSUE DIRECTORY,,
652,ALLIANCE,SAIL,,
653,ALLIANCE,NHS DIGITAL,,
654,ALLIANCE,SAIL,,
655,OTHER,UCLEB Consortium,,
656,ALLIANCE,TISSUE DIRECTORY,,
657,ALLIANCE,PUBLIC HEALTH SCOTLAND,,
658,ALLIANCE,SAIL,,
659,HUB,DISCOVER NOW,,
660,ALLIANCE,UNIVERSITY OF NOTTINGHAM,,
661,ALLIANCE,PUBLIC HEALTH SCOTLAND,,
662,HUB,BREATHE,,
663,ALLIANCE,TISSUE DIRECTORY,,
664,HUB,INSIGHT,,
665,ALLIANCE,HEALTH AND SOCIAL CARE NORTHERN IRELAND,,
666,ALLIANCE,CPRD,,
667,ALLIANCE,SAIL,,
668,ALLIANCE,SAIL,,
669,ALLIANCE,TISSUE DIRECTORY,,
670,ALLIANCE,SAIL,,
671,ALLIANCE,CPRD,,
672,ALLIANCE,NHS DIGITAL,,
673,ALLIANCE,CYSTIC FIBROSIS TRUST,,
674,ALLIANCE,HEALTH INFORMATICS CENTRE - UNIVERSITY OF DUNDEE,,
675,ALLIANCE,CYSTIC FIBROSIS TRUST,,
676,HUBS,DATAMIND,,
677,ALLIANCE,HEALTH AND SOCIAL CARE NORTHERN IRELAND,,
678,ALLIANCE,HEALTH INFORMATICS CENTRE - UNIVERSITY OF DUNDEE,,
679,ALLIANCE,TISSUE DIRECTORY,,
680,ALLIANCE,SAIL,,
681,ALLIANCE,HQIP,,
682,ALLIANCE,PUBLIC HEALTH SCOTLAND,,
683,ALLIANCE,TISSUE DIRECTORY,,
684,ALLIANCE,SAIL,,
685,ALLIANCE,BARTS HEALTH,,
686,ALLIANCE,SAIL,,
687,HUB,DISCOVER NOW,,
688,ALLIANCE,SAIL,,
689,HUB,BREATHE,,
690,ALLIANCE,SAIL,,
691,NCS,OFFICE FOR NATIONAL STATISTICS,,
692,ALLIANCE,TISSUE DIRECTORY,,
693,ALLIANCE,PUBLIC HEALTH SCOTLAND,,
694,ALLIANCE,HQIP,,
695,ALLIANCE,HQIP,,
696,ALLIANCE,SAIL,,
697,HUB,GUT REACTION,,
698,ALLIANCE,SAIL,,
699,ALLIANCE,SAIL,,
700,ALLIANCE,QResearch,,
701,ALLIANCE,SAIL,,
702,ALLIANCE,HQIP,,
703,ALLIANCE,HEALTH INFORMATICS CENTRE - UNIVERSITY OF DUNDEE,,
704,OTHER,The University of Cambridge,,
705,HUB,BREATHE,,
706,OTHER,UNIVERSITY OF CAMBRIDGE,,
707,ALLIANCE,TISSUE DIRECTORY,,
708,ALLIANCE,HQIP,,
709,ALLIANCE,NIHR Nottingham Biomedical Research Centre,,
710,ALLIANCE,CPRD,,
711,HUB,BREATHE,,
712,HUBS,ALLEVIATE,,
713,HUBS,ALLEVIATE,,
714,ALLIANCE,COVID-19 GENOMICS UK,,
715,ALLIANCE,GENERATION SCOTLAND,,
716,ALLIANCE,HQIP,,
717,ALLIANCE,BARTS HEALTH,,
718,HUB,PIONEER,,
719,ALLIANCE,PUBLIC HEALTH SCOTLAND,,
720,ALLIANCE,SAIL,,
721,ALLIANCE,TISSUE DIRECTORY,,
722,ALLIANCE,HQIP,,
723,HUB,BREATHE,,
724,ALLIANCE,HEALTH INFORMATICS CENTRE - UNIVERSITY OF DUNDEE,,
725,HUB,BREATHE,,
726,ALLIANCE,SAIL,,
727,ALLIANCE,TISSUE DIRECTORY,,
728,ALLIANCE,NIHR BIORESOURCE,,
729,ALLIANCE,HEALTH INFORMATICS CENTRE - UNIVERSITY OF DUNDEE,,
730,HUBS,ALLEVIATE,,
731,ALLIANCE,TISSUE DIRECTORY,,
732,ALLIANCE,TISSUE DIRECTORY,,
733,OTHER,VIKING GENES,,
734,HUB,BREATHE,,
735,ALLIANCE,RENAL ASSOCIATION,,
736,HUB,DATA-CAN,,
737,HUB,GUT REACTION,,
738,ALLIANCE,SAIL,,
739,ALLIANCE,HQIP,,
740,ALLIANCE,HEALTH INFORMATICS CENTRE - UNIVERSITY OF DUNDEE,,
741,ALLIANCE,TISSUE DIRECTORY,,
742,ALLIANCE,NIHR BIORESOURCE,,
743,ALLIANCE,HQIP,,
744,ALLIANCE,PUBLIC HEALTH SCOTLAND,,
745,HUB,PIONEER,,
746,ALLIANCE,RENAL ASSOCIATION,,
747,ALLIANCE,UNIVERSITY OF NOTTINGHAM,,
748,HUB,BREATHE,,
749,ALLIANCE,CPRD,,
750,ALLIANCE,QResearch,,
751,HUB,PIONEER,,
752,ALLIANCE,TISSUE DIRECTORY,,
753,ALLIANCE,CPRD,,
754,HUB,PIONEER,,
755,ALLIANCE,TISSUE DIRECTORY,,
756,HUB,GUT REACTION,,
757,ALLIANCE,SAIL,,
758,ALLIANCE,PUBLIC HEALTH SCOTLAND,,
759,ALLIANCE,HQIP,,
760,ALLIANCE,HQIP,,
761,ALLIANCE,TISSUE DIRECTORY,,
762,ALLIANCE,GREAT ORMOND STREET HOSPITAL,,
763,HUBS,ALLEVIATE,,
764,HUB,DISCOVER NOW,,
765,HUB,BREATHE,,
766,ALLIANCE,SAIL,,
767,ALLIANCE,CPRD,,
768,HUB,GUT REACTION,,
769,ALLIANCE,HQIP,,
770,HUB,PIONEER,,
771,ALLIANCE,SAIL,,
772,ALLIANCE,CPRD,,
773,ALLIANCE,PUBLIC HEALTH SCOTLAND,,
774,HUBS,DATAMIND,,
775,HUB,BREATHE,,
776,ALLIANCE,CPRD,,
777,ALLIANCE,SAIL,,
778,ALLIANCE,SAIL,,
779,ALLIANCE,NHS DIGITAL,,
780,ALLIANCE,TISSUE DIRECTORY,,
781,OTHER,MRC EPIDEMIOLOGY UNIT - UNIVERSITY OF CAMBRIDGE,,
782,ALLIANCE,HQIP,,
783,ALLIANCE,TISSUE DIRECTORY,,
784,ALLIANCE,NHS DIGITAL,,
785,ALLIANCE,PUBLIC HEALTH SCOTLAND,,
786,HUBS,DATAMIND,,
787,ALLIANCE,QResearch,,
788,ALLIANCE,BARTS HEALTH,,
789,ALLIANCE,CPRD,,
790,NCS,OFFICE FOR NATIONAL STATISTICS,,
791,ALLIANCE,PUBLIC HEALTH SCOTLAND,,
792,ALLIANCE,SAIL,,
793,ALLIANCE,SAIL,,
794,HUB,PIONEER,,
795,ALLIANCE,PUBLIC HEALTH SCOTLAND,,
796,ALLIANCE,QResearch,,
797,HUB,DISCOVER NOW,,
798,ALLIANCE,BARTS HEALTH,,
799,ALLIANCE,SAIL,,
800,HUB,PIONEER,,
801,OTHER,Oxford Research Archive,,
802,ALLIANCE,QResearch,,
803,ALLIANCE,QResearch,,
804,HUB,INSIGHT,,
805,ALLIANCE,HQIP,,
806,ALLIANCE,HQIP,,
807,ALLIANCE,SAIL,,
808,HUB,DISCOVER NOW,,
809,ALLIANCE,TISSUE DIRECTORY,,
810,ALLIANCE,SAIL,,
811,ALLIANCE,NHS DIGITAL,,
812,ALLIANCE,NHS DIGITAL,,
813,HUB,PIONEER,,
814,OTHER,Born in Bradford,,
815,ALLIANCE,PARKINSONS UK,,
816,ALLIANCE,SAIL,,
817,ALLIANCE,IMPERIAL COLLEGE LONDON,,
818,ALLIANCE,TISSUE DIRECTORY,,
819,ALLIANCE,TISSUE DIRECTORY,,
820,ALLIANCE,HQIP,,
821,ALLIANCE,UNIVERSITY HOSPITALS OF LEICESTER,,
822,ALLIANCE,PUBLIC HEALTH SCOTLAND,,
823,ALLIANCE,SAIL,,
824,HUB,BREATHE,,
825,ALLIANCE,HEALTH INFORMATICS CENTRE - UNIVERSITY OF DUNDEE,,
826,ALLIANCE,UNIVERSITY OF NOTTINGHAM,,
827,ALLIANCE,HQIP,,
828,ALLIANCE,HQIP,,
829,ALLIANCE,CPRD,,
830,HUB,DISCOVER NOW,,
831,ALLIANCE,HQIP,,
832,ALLIANCE,TISSUE DIRECTORY,,
833,ALLIANCE,NHS DIGITAL,,
834,HUB,BREATHE,,
835,ALLIANCE,CPRD,,
836,ALLIANCE,HQIP,,
837,ALLIANCE,TISSUE DIRECTORY,,
838,ALLIANCE,SAIL,,
839,HUB,PIONEER,,
840,ALLIANCE,HQIP,,
841,ALLIANCE,TISSUE DIRECTORY,,
842,ALLIANCE,PUBLIC HEALTH SCOTLAND,,
843,HUB,PIONEER,,
844,HUB,BREATHE,,
845,ALLIANCE,HEALTH AND SOCIAL CARE NORTHERN IRELAND,,
846,HUBS,ALLEVIATE,,
847,ALLIANCE,TISSUE DIRECTORY,,
